google_title,google_url,google_snippet,instagram_username,instagram_full_name,instagram_bio,instagram_followers,instagram_following,instagram_posts_count,instagram_website,instagram_email,instagram_phone,instagram_location,instagram_category,instagram_profile_url
Caf√© da Mata ‚òïÔ∏è Melhor Cafeteria Regi√£o (@cafedamatasjc) ‚Ä¢ Instagram photos and videos,https://www.instagram.com/cafedamatasjc/,"70K Followers, 4 Following, 1765 Posts - Caf√© da Mata ‚òïÔ∏è Melhor Cafeteria Regi√£o. (@cafedamatasjc) on Instagram: \"" Estacionamento Gratuito √Årea Kids Pet&nbsp;...",cafedamatasjc,,,,,,,,,"Rua Luiz Jacinto 316, centro de S√£o Jos√© dos Campos",,https://www.instagram.com/cafedamatasjc/
Origem Cultural Cafeteria (@origemcultural),https://www.instagram.com/origemcultural/,"PERFIL OFICIAL ‚ù§Ô∏è A cafeteria preferida do Vila Ema. ‚è∞ Segunda a sexta das 11h as 19h ‚è∞S√°bado das 09h as 20h30. Rua Jorge Barbosa Moreira, 58, Vila Ema,&nbsp;...",,,,,,,,,,,,https://www.instagram.com/origemcultural/
Caf√© em S√£o Jos√© ‚òïÔ∏è (@cafes.sjc),https://www.instagram.com/cafes.sjc/,"Com card√°pio variado (que inclui cuscuz e itens sem lactose), ambiente aconchegante, atendimento impec√°vel e capricho em tudo, o Caf√© Lagoinha tem o nosso¬†...",cafes.sjc,Caf√© em S√£o Jos√© ‚òïÔ∏è,,,,,,,,S√£o Jos√©,,https://www.instagram.com/cafes.sjc/
Jardim do Caf√© | Caf√©s especiais (@jardimdocafe),https://www.instagram.com/jardimdocafe/,"VOC√ä MERECE UMA PAUSA! Rua Patativa, 101 - Vila Tatetuba / SJC Seg. a Sex: 14h √†s 20h. S√°bado: 9h15 √†s 17h45. Card√°pio ‚¨áÔ∏è. linktr.ee/jardimdocafecafeteria.",,,,,,,,,,,,
üç¥LUGARES DO VALE por Chef L√©o Fioritaüç¥ | ‚òïÔ∏è 4 ...,https://www.instagram.com/lugaresdovale/reel/C7PiY4aOUjT/,"4536 likes, 132 comments - lugaresdovale on May 21, 2024: ""‚òïÔ∏è 4 LUGARES INCR√çVEIS PRA VOC√ä TOMAR UM BOM CAF√â AQUI EM SJC Tem cortesia at√©¬†...",,,,,,,,,,,,
MadaH Caf√© (@madahcafe),https://www.instagram.com/madahcafe/,Estamos localizados dentro do @parquevicentina. Funcionamento: ter√ßa-feira a s√°bado 8h-21h e Domingo 8h-18h. Feriados: 8h-21h. Rua Eng. Prudente Meireles de¬†...,,,,,,,,,,,,
Unidade Heitor Villa Lobos (@mais1cafe.sjc),https://www.instagram.com/mais1cafe.sjc/,"O caf√© especial que TODO MUNDO AMA | Eventos especiais para sua reuni√£o de neg√≥cios. Fa√ßa seu pedido. Av Heitor Villa Lobos, 1388, S√£o Jos√© dos Campos.",,,,,,,,,,,,
Ambrone Caf√© e Doceria,https://www.instagram.com/ambrone/,"Caf√© e Doceria em S√£o Jos√© dos Campos. Av Nove de julho, 153 Vila Adyana-SJC ‚è∞ das 9h √†s 20 Av Cassiano Ricardo, 401 Jd Aquarius ‚è∞ das 8h √†s 20h.",,,,,,,,,,,,
Cheirin B√£o Vila Ema - Cafeteria S√£o Jos√© dos Campos,https://www.instagram.com/cheirinbaovilaemasjc/,‚òïÔ∏è| Um pedacinho de Minas em SJC | Vila Ema - Em frente ao Vila Real ‚è∞| Seg a Sex das 08h √†s 19h30 - S√°bado das 08h √†s 18h ¬∑ Photo by Cheirin B√£o Vila Ema -¬†...,,,,,,,,,,,,
Fika Caf√©s Especiais (@fikacafes),https://www.instagram.com/fikacafes/,Caf√©s Especiais / Experi√™ncias √önicas ‚ú® Descubra nossas unidades e franquias! Quer ter sua pr√≥pria Fika? Saiba como. www.fikacafes.com.br.,,,,,,,,,,,,
Caf√© da Mata ‚òïÔ∏è Melhor Cafeteria Regi√£o. ...,https://www.instagram.com/cafedamatasjc/,"70K Followers, 4 Following, 1765 Posts - Caf√© da Mata ‚òïÔ∏è Melhor Cafeteria Regi√£o. (@cafedamatasjc) on Instagram: "" Estacionamento Gratuito √Årea Kids Pet&nbsp;...",,,,,,,,,,,,
Origem Cultural Cafeteria (@origemcultural),https://www.instagram.com/origemcultural/,,,,,,,,,,,,,
